Model,Accuracy,Precision,Recall,F1,AUC
Logistic Regression,0.46405228758169936,0.4966442953020134,0.5454545454545454,0.5199063231850117,0.45634359600840047
