Model,Accuracy,Precision,Recall,F1,AUC
LSTM (SHAP),0.5481770833333334,0.43666666666666665,0.42394822006472493,0.4302134646962233,0.5401992512215241
