Model,Accuracy,Precision,Recall,F1,AUC
LSTM + Sentiment + Attention,0.5104166666666666,0.363265306122449,0.28802588996763756,0.3212996389891697,0.4446207105639811
