Model,Accuracy,Precision,Recall,F1,AUC
LSTM + Sentiment,0.5611979166666666,0.4520547945205479,0.42718446601941745,0.43926788685524126,0.5431111675162694
