Model,Accuracy,Precision,Recall,F1,AUC
LSTM (All Features),0.568988173455979,0.46124031007751937,0.38636363636363635,0.4204946996466431,0.5388893667039362
