Model,Accuracy,Precision,Recall,F1,AUC
MLP (baseline),0.47581699346405226,0.5061475409836066,0.6068796068796068,0.5519553072625698,0.4751142712036567
