Model,Accuracy,Precision,Recall,F1,AUC
MLP (baseline),0.5045751633986928,0.5289256198347108,0.628992628992629,0.574635241301908,0.4629184796782562
