Model,Accuracy,Precision,Recall,F1,AUC
MLP (enriched),0.4928104575163399,0.5197505197505198,0.6142506142506142,0.5630630630630631,0.4869669059613194
