Model,Accuracy,Precision,Recall,F1,AUC
Random Forest,0.5098039215686274,0.5365296803652968,0.5773955773955773,0.5562130177514792,0.4979547856642829
