Model,Accuracy,Precision,Recall,F1,AUC
XGBoost + Sentiment,0.5660621761658031,0.4444444444444444,0.3365695792880259,0.3830570902394107,0.5498822230143919
