Model,Accuracy,Precision,Recall,F1,AUC
XGBoost (enriched),0.5942408376963351,0.49537037037037035,0.3474025974025974,0.4083969465648855,0.5657431932102985
